email,username
1actived@hab.com,actived1
2actived@hab.com,actived2
3actived@hab.com,actived3
4actived@hab.com,actived4
5actived@hab.com,actived5
6actived@hab.com,actived6
7actived@hab.com,actived7
8actived@hab.com,actived8
9actived@hab.com,actived9
10actived@hab.com,actived10
11actived@hab.com,actived11
12actived@hab.com,actived12
13actived@hab.com,actived13
14actived@hab.com,actived14
15actived@hab.com,actived15
16actived@hab.com,actived16
17actived@hab.com,actived17
18actived@hab.com,actived18
19actived@hab.com,actived19
20actived@hab.com,actived20
21actived@hab.com,actived21
22actived@hab.com,actived22
23actived@hab.com,actived23
24actived@hab.com,actived24
25actived@hab.com,actived25
26actived@hab.com,actived26
27actived@hab.com,actived27
28actived@hab.com,actived28
29actived@hab.com,actived29
30actived@hab.com,actived30
31actived@hab.com,actived31
32actived@hab.com,actived32
33actived@hab.com,actived33
34actived@hab.com,actived34
35actived@hab.com,actived35
36actived@hab.com,actived36
37actived@hab.com,actived37
38actived@hab.com,actived38
39actived@hab.com,actived39
40actived@hab.com,actived40
41actived@hab.com,actived41
42actived@hab.com,actived42
43actived@hab.com,actived43
44actived@hab.com,actived44
45actived@hab.com,actived45
46actived@hab.com,actived46
47actived@hab.com,actived47
48actived@hab.com,actived48
49actived@hab.com,actived49
50actived@hab.com,actived50
51actived@hab.com,actived51
52actived@hab.com,actived52
53actived@hab.com,actived53
54actived@hab.com,actived54
55actived@hab.com,actived55
56actived@hab.com,actived56
57actived@hab.com,actived57
58actived@hab.com,actived58
59actived@hab.com,actived59
60actived@hab.com,actived60
61actived@hab.com,actived61
62actived@hab.com,actived62
63actived@hab.com,actived63
64actived@hab.com,actived64
65actived@hab.com,actived65
66actived@hab.com,actived66
67actived@hab.com,actived67
68actived@hab.com,actived68
69actived@hab.com,actived69
70actived@hab.com,actived70
71actived@hab.com,actived71
72actived@hab.com,actived72
73actived@hab.com,actived73
74actived@hab.com,actived74
75actived@hab.com,actived75
76actived@hab.com,actived76
77actived@hab.com,actived77
78actived@hab.com,actived78
79actived@hab.com,actived79
80actived@hab.com,actived80
81actived@hab.com,actived81
82actived@hab.com,actived82
83actived@hab.com,actived83
84actived@hab.com,actived84
85actived@hab.com,actived85
86actived@hab.com,actived86
87actived@hab.com,actived87
88actived@hab.com,actived88
89actived@hab.com,actived89
90actived@hab.com,actived90
91actived@hab.com,actived91
92actived@hab.com,actived92
93actived@hab.com,actived93
94actived@hab.com,actived94
95actived@hab.com,actived95
96actived@hab.com,actived96
97actived@hab.com,actived97
98actived@hab.com,actived98
99actived@hab.com,actived99
100actived@hab.com,actived100
101actived@hab.com,actived101
102actived@hab.com,actived102
103actived@hab.com,actived103
104actived@hab.com,actived104
105actived@hab.com,actived105
106actived@hab.com,actived106
107actived@hab.com,actived107
108actived@hab.com,actived108
109actived@hab.com,actived109
110actived@hab.com,actived110
111actived@hab.com,actived111
112actived@hab.com,actived112
113actived@hab.com,actived113
114actived@hab.com,actived114
115actived@hab.com,actived115
116actived@hab.com,actived116
117actived@hab.com,actived117
118actived@hab.com,actived118
119actived@hab.com,actived119
120actived@hab.com,actived120
121actived@hab.com,actived121
122actived@hab.com,actived122
123actived@hab.com,actived123
124actived@hab.com,actived124
125actived@hab.com,actived125
126actived@hab.com,actived126
127actived@hab.com,actived127
128actived@hab.com,actived128
129actived@hab.com,actived129
130actived@hab.com,actived130
131actived@hab.com,actived131
132actived@hab.com,actived132
133actived@hab.com,actived133
134actived@hab.com,actived134
135actived@hab.com,actived135
136actived@hab.com,actived136
137actived@hab.com,actived137
138actived@hab.com,actived138
139actived@hab.com,actived139
140actived@hab.com,actived140
141actived@hab.com,actived141
142actived@hab.com,actived142
143actived@hab.com,actived143
144actived@hab.com,actived144
145actived@hab.com,actived145
146actived@hab.com,actived146
147actived@hab.com,actived147
148actived@hab.com,actived148
149actived@hab.com,actived149
150actived@hab.com,actived150
151actived@hab.com,actived151
152actived@hab.com,actived152
153actived@hab.com,actived153
154actived@hab.com,actived154
155actived@hab.com,actived155
156actived@hab.com,actived156
157actived@hab.com,actived157
158actived@hab.com,actived158
159actived@hab.com,actived159
160actived@hab.com,actived160
161actived@hab.com,actived161
162actived@hab.com,actived162
163actived@hab.com,actived163
164actived@hab.com,actived164
165actived@hab.com,actived165
166actived@hab.com,actived166
167actived@hab.com,actived167
168actived@hab.com,actived168
169actived@hab.com,actived169
170actived@hab.com,actived170
171actived@hab.com,actived171
172actived@hab.com,actived172
173actived@hab.com,actived173
174actived@hab.com,actived174
175actived@hab.com,actived175
176actived@hab.com,actived176
177actived@hab.com,actived177
178actived@hab.com,actived178
179actived@hab.com,actived179
180actived@hab.com,actived180
181actived@hab.com,actived181
182actived@hab.com,actived182
183actived@hab.com,actived183
184actived@hab.com,actived184
185actived@hab.com,actived185
186actived@hab.com,actived186
187actived@hab.com,actived187
188actived@hab.com,actived188
189actived@hab.com,actived189
190actived@hab.com,actived190
191actived@hab.com,actived191
192actived@hab.com,actived192
193actived@hab.com,actived193
194actived@hab.com,actived194
195actived@hab.com,actived195
196actived@hab.com,actived196
197actived@hab.com,actived197
198actived@hab.com,actived198
199actived@hab.com,actived199
200actived@hab.com,actived200
201actived@hab.com,actived201
202actived@hab.com,actived202
203actived@hab.com,actived203
204actived@hab.com,actived204
205actived@hab.com,actived205
206actived@hab.com,actived206
207actived@hab.com,actived207
208actived@hab.com,actived208
209actived@hab.com,actived209
210actived@hab.com,actived210
211actived@hab.com,actived211
212actived@hab.com,actived212
213actived@hab.com,actived213
214actived@hab.com,actived214
215actived@hab.com,actived215
216actived@hab.com,actived216
217actived@hab.com,actived217
218actived@hab.com,actived218
219actived@hab.com,actived219
220actived@hab.com,actived220
221actived@hab.com,actived221
222actived@hab.com,actived222
223actived@hab.com,actived223
224actived@hab.com,actived224
225actived@hab.com,actived225
226actived@hab.com,actived226
227actived@hab.com,actived227
228actived@hab.com,actived228
229actived@hab.com,actived229
230actived@hab.com,actived230
231actived@hab.com,actived231
232actived@hab.com,actived232
233actived@hab.com,actived233
234actived@hab.com,actived234
235actived@hab.com,actived235
236actived@hab.com,actived236
237actived@hab.com,actived237
238actived@hab.com,actived238
239actived@hab.com,actived239
240actived@hab.com,actived240
241actived@hab.com,actived241
242actived@hab.com,actived242
243actived@hab.com,actived243
244actived@hab.com,actived244
245actived@hab.com,actived245
246actived@hab.com,actived246
247actived@hab.com,actived247
248actived@hab.com,actived248
249actived@hab.com,actived249
250actived@hab.com,actived250
251actived@hab.com,actived251
252actived@hab.com,actived252
253actived@hab.com,actived253
254actived@hab.com,actived254
255actived@hab.com,actived255
256actived@hab.com,actived256
257actived@hab.com,actived257
258actived@hab.com,actived258
259actived@hab.com,actived259
260actived@hab.com,actived260
261actived@hab.com,actived261
262actived@hab.com,actived262
263actived@hab.com,actived263
264actived@hab.com,actived264
265actived@hab.com,actived265
266actived@hab.com,actived266
267actived@hab.com,actived267
268actived@hab.com,actived268
269actived@hab.com,actived269
270actived@hab.com,actived270
271actived@hab.com,actived271
272actived@hab.com,actived272
273actived@hab.com,actived273
274actived@hab.com,actived274
275actived@hab.com,actived275
276actived@hab.com,actived276
277actived@hab.com,actived277
278actived@hab.com,actived278
279actived@hab.com,actived279
280actived@hab.com,actived280
281actived@hab.com,actived281
282actived@hab.com,actived282
283actived@hab.com,actived283
284actived@hab.com,actived284
285actived@hab.com,actived285
286actived@hab.com,actived286
287actived@hab.com,actived287
288actived@hab.com,actived288
289actived@hab.com,actived289
290actived@hab.com,actived290
291actived@hab.com,actived291
292actived@hab.com,actived292
293actived@hab.com,actived293
294actived@hab.com,actived294
295actived@hab.com,actived295
296actived@hab.com,actived296
297actived@hab.com,actived297
298actived@hab.com,actived298
299actived@hab.com,actived299
300actived@hab.com,actived300
301actived@hab.com,actived301
302actived@hab.com,actived302
303actived@hab.com,actived303
304actived@hab.com,actived304
305actived@hab.com,actived305
306actived@hab.com,actived306
307actived@hab.com,actived307
308actived@hab.com,actived308
309actived@hab.com,actived309
310actived@hab.com,actived310
311actived@hab.com,actived311
312actived@hab.com,actived312
313actived@hab.com,actived313
314actived@hab.com,actived314
315actived@hab.com,actived315
316actived@hab.com,actived316
317actived@hab.com,actived317
318actived@hab.com,actived318
319actived@hab.com,actived319
320actived@hab.com,actived320
321actived@hab.com,actived321
322actived@hab.com,actived322
323actived@hab.com,actived323
324actived@hab.com,actived324
325actived@hab.com,actived325
326actived@hab.com,actived326