email,username,status
1actived@hab.com,actived1,active
2actived@hab.com,actived2,active
3actived@hab.com,actived3,active
4actived@hab.com,actived4,active
5actived@hab.com,actived5,active
6actived@hab.com,actived6,active
7actived@hab.com,actived7,active
8actived@hab.com,actived8,active
9actived@hab.com,actived9,active
10actived@hab.com,actived10,active
11actived@hab.com,actived11,active
12actived@hab.com,actived12,active
13actived@hab.com,actived13,active
14actived@hab.com,actived14,active
15actived@hab.com,actived15,active
16actived@hab.com,actived16,active
17actived@hab.com,actived17,active
18actived@hab.com,actived18,active
19actived@hab.com,actived19,active
20actived@hab.com,actived20,active
21actived@hab.com,actived21,active
22actived@hab.com,actived22,active
23actived@hab.com,actived23,active
24actived@hab.com,actived24,active
25actived@hab.com,actived25,active
26actived@hab.com,actived26,active
27actived@hab.com,actived27,active
28actived@hab.com,actived28,active
29actived@hab.com,actived29,active
30actived@hab.com,actived30,active
31actived@hab.com,actived31,active
32actived@hab.com,actived32,active
33actived@hab.com,actived33,active
34actived@hab.com,actived34,active
35actived@hab.com,actived35,active
36actived@hab.com,actived36,active
37actived@hab.com,actived37,active
38actived@hab.com,actived38,active
39actived@hab.com,actived39,active
40actived@hab.com,actived40,active
41actived@hab.com,actived41,active
42actived@hab.com,actived42,active
43actived@hab.com,actived43,active
44actived@hab.com,actived44,active
45actived@hab.com,actived45,active
46actived@hab.com,actived46,active
47actived@hab.com,actived47,active
48actived@hab.com,actived48,active
49actived@hab.com,actived49,active
50actived@hab.com,actived50,active
51actived@hab.com,actived51,active
52actived@hab.com,actived52,active
53actived@hab.com,actived53,active
54actived@hab.com,actived54,active
55actived@hab.com,actived55,active
56actived@hab.com,actived56,active
57actived@hab.com,actived57,active
58actived@hab.com,actived58,active
59actived@hab.com,actived59,active
60actived@hab.com,actived60,active
61actived@hab.com,actived61,active
62actived@hab.com,actived62,active
63actived@hab.com,actived63,active
64actived@hab.com,actived64,active
65actived@hab.com,actived65,active
66actived@hab.com,actived66,active
67actived@hab.com,actived67,active
68actived@hab.com,actived68,active
69actived@hab.com,actived69,active
70actived@hab.com,actived70,active
71actived@hab.com,actived71,active
72actived@hab.com,actived72,active
73actived@hab.com,actived73,active
74actived@hab.com,actived74,active
75actived@hab.com,actived75,active
76actived@hab.com,actived76,active
77actived@hab.com,actived77,active
78actived@hab.com,actived78,active
79actived@hab.com,actived79,active
80actived@hab.com,actived80,active
81actived@hab.com,actived81,active
82actived@hab.com,actived82,active
83actived@hab.com,actived83,active
84actived@hab.com,actived84,active
85actived@hab.com,actived85,active
86actived@hab.com,actived86,active
87actived@hab.com,actived87,active
88actived@hab.com,actived88,active
89actived@hab.com,actived89,active
90actived@hab.com,actived90,active
91actived@hab.com,actived91,active
92actived@hab.com,actived92,active
93actived@hab.com,actived93,active
94actived@hab.com,actived94,active
95actived@hab.com,actived95,active
96actived@hab.com,actived96,active
97actived@hab.com,actived97,active
98actived@hab.com,actived98,active
99actived@hab.com,actived99,active
100actived@hab.com,actived100,active
101actived@hab.com,actived101,active
102actived@hab.com,actived102,active
103actived@hab.com,actived103,active
104actived@hab.com,actived104,active
105actived@hab.com,actived105,active
106actived@hab.com,actived106,active
107actived@hab.com,actived107,active
108actived@hab.com,actived108,active
109actived@hab.com,actived109,active
110actived@hab.com,actived110,active
111actived@hab.com,actived111,active
112actived@hab.com,actived112,active
113actived@hab.com,actived113,active
114actived@hab.com,actived114,active
115actived@hab.com,actived115,active
116actived@hab.com,actived116,active
117actived@hab.com,actived117,active
118actived@hab.com,actived118,active
119actived@hab.com,actived119,active
120actived@hab.com,actived120,active
121actived@hab.com,actived121,active
122actived@hab.com,actived122,active
123actived@hab.com,actived123,active
124actived@hab.com,actived124,active
125actived@hab.com,actived125,active
126actived@hab.com,actived126,active
127actived@hab.com,actived127,active
128actived@hab.com,actived128,active
129actived@hab.com,actived129,active
130actived@hab.com,actived130,active
131actived@hab.com,actived131,active
132actived@hab.com,actived132,active
133actived@hab.com,actived133,active
134actived@hab.com,actived134,active
135actived@hab.com,actived135,active
136actived@hab.com,actived136,active
137actived@hab.com,actived137,active
138actived@hab.com,actived138,active
139actived@hab.com,actived139,active
140actived@hab.com,actived140,active
141actived@hab.com,actived141,active
142actived@hab.com,actived142,active
143actived@hab.com,actived143,active
144actived@hab.com,actived144,active
145actived@hab.com,actived145,active
146actived@hab.com,actived146,active
147actived@hab.com,actived147,active
148actived@hab.com,actived148,active
149actived@hab.com,actived149,active
150actived@hab.com,actived150,active
151actived@hab.com,actived151,active
152actived@hab.com,actived152,active
153actived@hab.com,actived153,active
154actived@hab.com,actived154,active
155actived@hab.com,actived155,active
156actived@hab.com,actived156,active
157actived@hab.com,actived157,active
158actived@hab.com,actived158,active
159actived@hab.com,actived159,active
160actived@hab.com,actived160,active
161actived@hab.com,actived161,active
162actived@hab.com,actived162,active
163actived@hab.com,actived163,active
164actived@hab.com,actived164,active
165actived@hab.com,actived165,active
166actived@hab.com,actived166,active
167actived@hab.com,actived167,active
168actived@hab.com,actived168,active
169actived@hab.com,actived169,active
170actived@hab.com,actived170,active
171actived@hab.com,actived171,active
172actived@hab.com,actived172,active
173actived@hab.com,actived173,active
174actived@hab.com,actived174,active
175actived@hab.com,actived175,active
176actived@hab.com,actived176,active
177actived@hab.com,actived177,active
178actived@hab.com,actived178,active
179actived@hab.com,actived179,active
180actived@hab.com,actived180,active
181actived@hab.com,actived181,active
182actived@hab.com,actived182,active
183actived@hab.com,actived183,active
184actived@hab.com,actived184,active
185actived@hab.com,actived185,active
186actived@hab.com,actived186,active
187actived@hab.com,actived187,active
188actived@hab.com,actived188,active
189actived@hab.com,actived189,active
190actived@hab.com,actived190,active
191actived@hab.com,actived191,active
192actived@hab.com,actived192,active
193actived@hab.com,actived193,active
194actived@hab.com,actived194,active
195actived@hab.com,actived195,active
196actived@hab.com,actived196,active
197actived@hab.com,actived197,active
198actived@hab.com,actived198,active
199actived@hab.com,actived199,active
200actived@hab.com,actived200,active
201actived@hab.com,actived201,active
202actived@hab.com,actived202,active
203actived@hab.com,actived203,active
204actived@hab.com,actived204,active
205actived@hab.com,actived205,active
206actived@hab.com,actived206,active
207actived@hab.com,actived207,active
208actived@hab.com,actived208,active
209actived@hab.com,actived209,active
210actived@hab.com,actived210,active
211actived@hab.com,actived211,active
212actived@hab.com,actived212,active
213actived@hab.com,actived213,active
214actived@hab.com,actived214,active
215actived@hab.com,actived215,active
216actived@hab.com,actived216,active
217actived@hab.com,actived217,active
218actived@hab.com,actived218,active
219actived@hab.com,actived219,active
220actived@hab.com,actived220,active
221actived@hab.com,actived221,active
222actived@hab.com,actived222,active
223actived@hab.com,actived223,active
224actived@hab.com,actived224,active
225actived@hab.com,actived225,active
226actived@hab.com,actived226,active
227actived@hab.com,actived227,active
228actived@hab.com,actived228,active
229actived@hab.com,actived229,active
230actived@hab.com,actived230,active
231actived@hab.com,actived231,active
232actived@hab.com,actived232,active
233actived@hab.com,actived233,active
234actived@hab.com,actived234,active
235actived@hab.com,actived235,active
236actived@hab.com,actived236,active
237actived@hab.com,actived237,active
238actived@hab.com,actived238,active
239actived@hab.com,actived239,active
240actived@hab.com,actived240,active
241actived@hab.com,actived241,active
242actived@hab.com,actived242,active
243actived@hab.com,actived243,active
244actived@hab.com,actived244,active
245actived@hab.com,actived245,active
246actived@hab.com,actived246,active
247actived@hab.com,actived247,active
248actived@hab.com,actived248,active
249actived@hab.com,actived249,active
250actived@hab.com,actived250,active
251actived@hab.com,actived251,active
252actived@hab.com,actived252,active
253actived@hab.com,actived253,active
254actived@hab.com,actived254,active
255actived@hab.com,actived255,active
256actived@hab.com,actived256,active
257actived@hab.com,actived257,active
258actived@hab.com,actived258,active
259actived@hab.com,actived259,active
260actived@hab.com,actived260,active
261actived@hab.com,actived261,active
262actived@hab.com,actived262,active
263actived@hab.com,actived263,active
264actived@hab.com,actived264,active
265actived@hab.com,actived265,active
266actived@hab.com,actived266,active
267actived@hab.com,actived267,active
268actived@hab.com,actived268,active
269actived@hab.com,actived269,active
270actived@hab.com,actived270,active
271actived@hab.com,actived271,active
272actived@hab.com,actived272,active
273actived@hab.com,actived273,active
274actived@hab.com,actived274,active
275actived@hab.com,actived275,active
276actived@hab.com,actived276,active
277actived@hab.com,actived277,active
278actived@hab.com,actived278,active
279actived@hab.com,actived279,active
280actived@hab.com,actived280,active
281actived@hab.com,actived281,active
282actived@hab.com,actived282,active
283actived@hab.com,actived283,active
284actived@hab.com,actived284,active
285actived@hab.com,actived285,active
286actived@hab.com,actived286,active
287actived@hab.com,actived287,active
288actived@hab.com,actived288,active
289actived@hab.com,actived289,active
290actived@hab.com,actived290,active
291actived@hab.com,actived291,active
292actived@hab.com,actived292,active
293actived@hab.com,actived293,active
294actived@hab.com,actived294,active
295actived@hab.com,actived295,active
296actived@hab.com,actived296,active
297actived@hab.com,actived297,active
298actived@hab.com,actived298,active
299actived@hab.com,actived299,active
300actived@hab.com,actived300,active
301actived@hab.com,actived301,active
302actived@hab.com,actived302,active
303actived@hab.com,actived303,active
304actived@hab.com,actived304,active
305actived@hab.com,actived305,active
306actived@hab.com,actived306,active
307actived@hab.com,actived307,active
308actived@hab.com,actived308,active
309actived@hab.com,actived309,active
310actived@hab.com,actived310,active
311actived@hab.com,actived311,active
312actived@hab.com,actived312,active
313actived@hab.com,actived313,active
314actived@hab.com,actived314,active
315actived@hab.com,actived315,active
316actived@hab.com,actived316,active
317actived@hab.com,actived317,active
318actived@hab.com,actived318,active
319actived@hab.com,actived319,active
320actived@hab.com,actived320,active
321actived@hab.com,actived321,active
322actived@hab.com,actived322,active
323actived@hab.com,actived323,active
324actived@hab.com,actived324,active
325actived@hab.com,actived325,active
326actived@hab.com,actived326,active
